{
	"dashBarStart": "<div class='dash-bar'><form action='dash-bar-search.php' class='dash-form py-1' method='POST'>",
	"search": "<label for='search'>Search: </label><input type='text' name='search' value=''><br class='break'>",
	"date1": "<label for='von'>von:</label><input type='date' name='vDate' value='2022-01-01'><br class='break'><label for='bis'>bis:</label><input type='date' name='bDate' value='",
	"date2": "'><br class='dbreak'>",
	"optionA1": "<label for='C'>",
	"optionA2": ":</label><input type='checkbox' name='C' checked>",
	"optionB1": "<label for='B'>",
	"optionB2": ":</label><input type='checkbox' name='B' checked>",
	"optionC1": "<label for='A'>",
	"optionC2": ":</label><input type='checkbox' name='A' checked><br class='break'>",
	"url1": "<input type='hidden' name='url' value='",
	"url2": "'>",
	"url3": "<input type='hidden' name='view' value='",
	"url4": "'>",
	"tnSelect": "<label for='ob'>Sort:</label><select name='ob' id='ob'><option value='timestamp'>Datum</option><option value='status'>Status</option><option value='title'>Titel</option><option value='text'>Text</option><option value='photo_id'>Photos</option><option value='username'>Author</option></select><select name='order' id='order'><option value='ASC'>Aufsteigend</option><option value='DESC'>Absteigend</option></select>",
	"uSelect": "<label for='ob'>Sort:</label><select name='ob' id='ob'><option value='vorname'>Vorname</option><option value='nachname'>Nachname</option><option value='email'>E-Mail</option><option value='plz'>Ort</option><option value='strasse'>Adresse</option><option value='birthday'>Birthday</option></select><select name='order' id='order'><option value='ASC'>Aufsteigend</option><option value='DESC'>Absteigend</option></select>",
	"dashBarEnd": "<button type='submit' class='go-button b-button'>Go!</button></form></div>",
	"nextPage1": "<div class='next-page container d-flex'><form action='dash-bar-search.php' method='post' class='d-flex mx-auto'><input type='hidden' name='url' value='",
	"nextPage2": "'><input type='hidden' name='view' value='",
	"nextPage3": "'><input type='hidden' name='le' value='",
	"nextPage4": "'><button type='submit' class='material-icons mx-auto b-button' id='nextPage' >expand_more</button></form></div>"
}
