{
	"smallViewStart": "<div class='d-flex'><div class='container-lg'><div class='row g-0 justify-content-center'>",
	"card1": "<div class='col-md-5 m-2 col-md'><a class='n-link' href='",
	"card2": "'><img class='bg-image'src='",
	"card3": "' alt='preview'><div class='n-div d-flex align-items-end'><p class='p-2 m-0'>",
	"card4": "</p></div></a></div>",
	"smallViewEnd": "</div></div></div>",
	
	"addBtn1": "<div class='a-btn container d-flex justify-content-center'><button id='addBtn' class='",
	"addBtn2":" add-button b-button w-25'>+</button></div>"
}
