{
	"mobileStart": "<div class='t-mobile container-lg my-3 d-flex flex-column  justify-content-center'>",
	"addBtn1":"<button id='addBtn' class='",
	"addBtn2":" add-button mx-auto p-2 b-button'>+</button>",
	"container": "<div class='container-fluid n-card box-1 d-flex m-1 p-0'>",
	"photo1": "<div class='nph-card-content p-2'>",
	"photo2": "<img class='p-1' src='",
	"photo3": "' alt='preview'>",
	"photo4": "</div>",
	"contentStart": "<div class='nt-card-content p-1'>",
	"title1": "<h4 class='td-overflow my-1'>",
	"title2": "</h4>",
	"text1": "<p class='td-of-webkit mb-0'>",
	"text2": "</p>",
	"dateAuthor1": "<p class='mb-0'>",
	"dateAuthor2": "</p>",
	"contentEnd": "</div>",
	"options1": "<div class='ni-card-content p-2 py-3 ms-auto me-1 d-flex flex-column align-items-between'><button class='",
	"options2": " material-icons xt-button p-1 tn-options' name='delete_row' id='delete_row'>highlight_off</button><button class='",
	"options3": " material-icons t-button p-1 mt-auto tn-options' name='edit_row' id='delete_row'>edit_note</button></div>",
	"mobileEnd": "</div>",
	"changeDevice": "<div class='changeDevice desktop'><button id='chDevice'>Desktop Ansicht</button></div><script>var btn = document.getElementById('chDevice');btn.onclick = function() {var Ucookie = document.cookie.split('; ').find(row => row.startsWith('device')).split('=')[1];if(Ucookie == 'mobile') {document.cookie = 'device=desktop';} else {document.cookie = 'device=mobile';}window.location.href=window.location.href;}</script>"
}
